k,BIC,AIC,converged
2,2898.5701699319334,2585.9164018785614,True
3,2859.086361194075,2387.90392201505,True
4,2874.5079955097526,2244.796885205074,True
5,2911.348379427259,2123.108597996927,True
6,3006.5182080561326,2059.7497555001473,True
7,3107.380871738894,2002.0837480572554,True
8,3190.718759398246,1926.8929645909545,True
9,3298.852038900395,1876.4975729674497,True
10,3441.4200791111975,1860.536942052599,True
