cluster,count,percentage
0,136,43.31210191082803
1,90,28.662420382165607
2,88,28.02547770700637
