{
  "player_season_passing_ratio": {
    "lower": 0.6682095166072957,
    "upper": 0.9126669416296366
  },
  "player_season_pass_length": {
    "lower": 16.580577113816535,
    "upper": 25.18578572286731
  },
  "player_season_pass_length_ratio": {
    "lower": 0.8519002480000001,
    "upper": 1.0028235742
  },
  "player_season_long_ball_ratio": {
    "lower": 0.2566923076923077,
    "upper": 0.8328985507246377
  },
  "player_season_long_balls_90": {
    "lower": 0.7248348938000001,
    "upper": 6.390780349999999
  },
  "player_season_deep_progressions_90": {
    "lower": 1.9532877880000001,
    "upper": 8.883848499999997
  },
  "player_season_op_passes_90": {
    "lower": 20.51011528,
    "upper": 58.818247199999995
  },
  "player_season_op_passes_into_box_90": {
    "lower": 0.0,
    "upper": 1.810328204
  },
  "player_season_passes_into_box_90": {
    "lower": 0.0,
    "upper": 2.76604512
  },
  "player_season_xgbuildup_90": {
    "lower": 0.156703323,
    "upper": 0.66263105
  },
  "player_season_xgchain_90": {
    "lower": 0.17570817319999998,
    "upper": 0.8498843656
  },
  "player_season_lbp_90": {
    "lower": 3.065121202,
    "upper": 11.91966968
  },
  "player_season_lbp_completed_90": {
    "lower": 1.3727348819999998,
    "upper": 8.221364320000001
  },
  "player_season_lbp_ratio": {
    "lower": 0.33498282339999996,
    "upper": 0.7641932067999999
  },
  "player_season_fhalf_lbp_90": {
    "lower": 1.0493296460000001,
    "upper": 7.11207706
  },
  "player_season_f3_lbp_90": {
    "lower": 0.1625474262,
    "upper": 4.659836041999999
  },
  "player_season_obv_lbp_90": {
    "lower": -0.000434460385,
    "upper": 0.11376296084
  },
  "player_season_forward_pass_proportion": {
    "lower": 0.10351812199853526,
    "upper": 0.36234552845528456
  },
  "player_season_sideways_pass_proportion": {
    "lower": 0.5592049790944098,
    "upper": 0.774141531007927
  },
  "player_season_backward_pass_proportion": {
    "lower": 0.026497737804335474,
    "upper": 0.2009291291291291
  },
  "player_season_pressured_passing_ratio": {
    "lower": 0.501578947368421,
    "upper": 0.9001285102332223
  },
  "player_season_passes_pressed_ratio": {
    "lower": 0.08429325513196481,
    "upper": 0.27811568013659643
  },
  "player_season_change_in_passing_ratio": {
    "lower": -0.2601332266,
    "upper": 0.05887397121999996
  },
  "player_season_p_pass_length": {
    "lower": 13.539445476531982,
    "upper": 24.036552658081053
  },
  "player_season_pressured_change_in_pass_length": {
    "lower": -5.654721876,
    "upper": 3.077576919999999
  },
  "player_season_obv_pass_90": {
    "lower": -0.01953809922,
    "upper": 0.2105994588
  },
  "player_season_xa_90": {
    "lower": 3.430232400000003e-05,
    "upper": 0.2167570314
  },
  "player_season_op_xa_90": {
    "lower": 3.430232400000003e-05,
    "upper": 0.1709701294
  },
  "player_season_sp_xa_90": {
    "lower": 0.0,
    "upper": 0.09150013559999998
  },
  "player_season_carries_90": {
    "lower": 18.41720914,
    "upper": 54.63378961999999
  },
  "player_season_carry_length": {
    "lower": 2.915411362,
    "upper": 7.31256452
  },
  "player_season_carry_ratio": {
    "lower": 0.7813772304,
    "upper": 0.9862213129999999
  },
  "player_season_dribbles_90": {
    "lower": 0.0,
    "upper": 2.503357356
  },
  "player_season_dribble_ratio": {
    "lower": 0.2,
    "upper": 1.0
  },
  "player_season_failed_dribbles_90": {
    "lower": 0.0,
    "upper": 2.3628191239999987
  },
  "player_season_turnovers_90": {
    "lower": 0.3026117794,
    "upper": 5.271340399999999
  },
  "player_season_dispossessions_90": {
    "lower": 0.1324456736,
    "upper": 3.0985270559999987
  },
  "player_season_obv_dribble_carry_90": {
    "lower": 0.004029311238000001,
    "upper": 0.15548028659999993
  },
  "player_season_positive_outcome_score": {
    "lower": 0.1590805756,
    "upper": 0.5242442514
  },
  "player_season_positive_outcome_90": {
    "lower": 1.65970531,
    "upper": 8.206040459999999
  },
  "player_season_key_passes_90": {
    "lower": 0.003985681200000004,
    "upper": 2.4458668120000002
  },
  "player_season_op_key_passes_90": {
    "lower": 0.003220771800000003,
    "upper": 1.7086634379999999
  },
  "player_season_sp_key_passes_90": {
    "lower": 0.0,
    "upper": 1.1640592799999996
  },
  "player_season_shots_key_passes_90": {
    "lower": 0.283855653,
    "upper": 5.18232514
  },
  "player_season_np_xg_90": {
    "lower": 0.001893055544,
    "upper": 0.24952383279999998
  },
  "player_season_np_xg_per_shot": {
    "lower": 0.015666969602829532,
    "upper": 0.18562729924917215
  },
  "player_season_npg_90": {
    "lower": 0.0,
    "upper": 0.35280798539999997
  },
  "player_season_conversion_ratio": {
    "lower": 0.0,
    "upper": 0.33133333333333326
  },
  "player_season_touches_inside_box_90": {
    "lower": 0.06758852916,
    "upper": 4.579156579999999
  },
  "player_season_crosses_90": {
    "lower": 0.0,
    "upper": 1.3325830279999997
  },
  "player_season_crossing_ratio": {
    "lower": 0.0,
    "upper": 1.0
  },
  "player_season_box_cross_ratio": {
    "lower": 0.0,
    "upper": 0.9879999999999995
  },
  "player_season_sp_passes_into_box_90": {
    "lower": 0.0,
    "upper": 1.5168960679999999
  },
  "player_season_obv_shot_90": {
    "lower": -0.1082890505,
    "upper": 0.08502734583999995
  },
  "player_season_obv_90": {
    "lower": -0.01227184888,
    "upper": 0.3190855512
  },
  "player_season_over_under_performance_90": {
    "lower": -0.1706158204,
    "upper": 0.25703748639999996
  },
  "player_season_tackles_90": {
    "lower": 0.7782829043999999,
    "upper": 4.292887358
  },
  "player_season_interceptions_90": {
    "lower": 0.3097017192,
    "upper": 2.101798946
  },
  "player_season_aggressive_actions_90": {
    "lower": 4.786067822000001,
    "upper": 19.084974999999996
  },
  "player_season_pressures_90": {
    "lower": 8.011115038,
    "upper": 26.6882192
  },
  "player_season_padj_pressures_90": {
    "lower": 6.2834084,
    "upper": 29.32694158
  },
  "player_season_pressure_regains_90": {
    "lower": 1.618757034,
    "upper": 5.635936061999999
  },
  "player_season_fhalf_pressures_90": {
    "lower": 1.858158754,
    "upper": 14.570320279999995
  },
  "player_season_fhalf_pressures_ratio": {
    "lower": 0.17187821179999999,
    "upper": 0.6037768680000001
  },
  "player_season_ball_recoveries_90": {
    "lower": 4.66585382,
    "upper": 11.81487668
  },
  "player_season_fhalf_ball_recoveries_90": {
    "lower": 1.243457926,
    "upper": 5.521256958
  },
  "player_season_challenge_ratio": {
    "lower": 0.4423981900452489,
    "upper": 0.8884967320261438
  },
  "player_season_dribble_faced_ratio": {
    "lower": 0.2144720548,
    "upper": 0.7892481342
  },
  "player_season_dribbled_past_90": {
    "lower": 0.199858016,
    "upper": 1.99269412
  },
  "player_season_average_x_defensive_action": {
    "lower": 27.138081919999998,
    "upper": 55.53470976
  },
  "player_season_average_x_pressure": {
    "lower": 30.7222163,
    "upper": 56.0575634
  },
  "player_season_aerial_ratio": {
    "lower": 0.1767914438502674,
    "upper": 0.7495714285714286
  },
  "player_season_aerial_wins_90": {
    "lower": 0.11991348639999999,
    "upper": 2.7569485759999997
  },
  "player_season_fouls_90": {
    "lower": 0.24525111400000002,
    "upper": 2.594849422
  },
  "player_season_fouls_won_90": {
    "lower": 0.08557824600000001,
    "upper": 3.7774543519999995
  },
  "player_season_yellow_cards_90": {
    "lower": 0.0,
    "upper": 0.4919946822
  },
  "player_season_second_yellow_cards_90": {
    "lower": 0.0,
    "upper": 0.09888231515999998
  },
  "player_season_red_cards_90": {
    "lower": 0.0,
    "upper": 0.12045868459999996
  },
  "player_season_average_space_received_in": {
    "lower": 4.9827600379999994,
    "upper": 12.157542000000001
  },
  "player_season_fhalf_ball_receipts_in_space_2_ratio": {
    "lower": 0.78612045,
    "upper": 0.9904177519999999
  },