cluster,PC1,PC2,PC3,PC4,PC5,PC6
0,0.3474457377269143,3.1313136849436973,1.09620023287364,-0.06931580032651023,-0.9375595599003648,0.16167923829611971
1,-3.795042976898743,2.6086973792995343,-0.3874430113425915,0.10549678971096214,-0.01891051373220893,-0.20326830605364507
2,-1.9016741794306424,-3.7871681644765105,-0.055675088969442836,-0.04028041619915696,0.10753226264097744,0.07515982862948595
3,4.875428920179069,-0.5626458574190336,-0.4719893314883695,0.009538981066393587,0.6288564095312491,-0.03759650235616758
