cluster,count,percentage
0,128,21.192052980132452
1,136,22.516556291390728
2,175,28.973509933774835
3,165,27.31788079470199
