cluster,count,percentage
0,112,18.543046357615893
1,104,17.218543046357617
2,134,22.185430463576157
3,89,14.735099337748345
4,83,13.741721854304636
5,82,13.57615894039735
