{
  "touches_box_90": {
    "median": 4.68517916785564,
    "p80": 5.511865423315559
  },
  "np_xg_90": {
    "median": 0.3171095035192989,
    "p80": 0.4886653573311125
  },
  "np_xg_per_shot": {
    "median": 0.1275769976435635,
    "p80": 0.16289308115069032
  },
  "finishing_quality": {
    "median": 0.044857744122518195,
    "p80": 0.19315400820715908
  },
  "xa_90": {
    "median": 0.0769032362736366,
    "p80": 0.10478943133363212
  },
  "key_passes_90": {
    "median": 1.203197646444679,
    "p80": 1.8454555958885888
  },
  "obv_pass_90": {
    "median": 0.15258913866155846,
    "p80": 0.204662766555346
  },
  "xa_per_shot_assist": {
    "median": 0.06947229975420748,
    "p80": 0.11609618833921549
  },
  "deep_progressions_90": {
    "median": 2.8340846228245273,
    "p80": 3.9860558322026285
  },
  "passing_ratio": {
    "median": 0.7938276200294624,
    "p80": 0.9099262275259058
  },
  "dribble_ratio": {
    "median": 0.2557975545231879,
    "p80": 0.37115536984715636
  },
  "obv_dribble_carry_90": {
    "median": 0.14730678340733946,
    "p80": 0.16578769634161805
  },
  "defensive_actions_90": {
    "median": 9.610164867260654,
    "p80": 12.552541702317304
  },
  "tackles_interceptions_90": {
    "median": 2.453808944400092,
    "p80": 3.585347350949211
  },
  "aerial_ratio": {
    "median": 0.4876266776034892,
    "p80": 0.6467309636305875
  },
  "npxgxa_90": {
    "median": 0.43759137518824864,
    "p80": 0.5453015911477544
  },
  "obv_90": {
    "median": 0.34959857685647394,
    "p80": 0.5119731066543848
  },
  "positive_outcome_score": {
    "median": 0.2890518489995807,
    "p80": 0.36789302409261804
  }
}