{
  "touches_box_90": {
    "min": 1.2324986297644371,
    "max": 8.450292330918185
  },
  "np_xg_90": {
    "min": 0.05901331720951353,
    "max": 0.7915495124721925
  },
  "np_xg_per_shot": {
    "min": 0.02327149022494751,
    "max": 0.273054760718913
  },
  "finishing_quality": {
    "min": -0.4959298106428681,
    "max": 0.4001859874611577
  },
  "xa_90": {
    "min": 0.0,
    "max": 0.16979226424042254
  },
  "key_passes_90": {
    "min": 0.07531867508429291,
    "max": 3.152391075652564
  },
  "obv_pass_90": {
    "min": 0.0,
    "max": 0.2950933260703126
  },
  "xa_per_shot_assist": {
    "min": 0.0,
    "max": 2.2543182557367016
  },
  "deep_progressions_90": {
    "min": 1.2792667891668397,
    "max": 5.493835527811314
  },
  "passing_ratio": {
    "min": 0.22827461795451653,
    "max": 1.0
  },
  "dribble_ratio": {
    "min": 0.0,
    "max": 0.6359987428165648
  },
  "obv_dribble_carry_90": {
    "min": 0.0,
    "max": 0.2770019967960956
  },
  "defensive_actions_90": {
    "min": 0.7812062758469676,
    "max": 18.023326411380275
  },
  "tackles_interceptions_90": {
    "min": 0.2510823108037914,
    "max": 5.531981951678604
  },
  "aerial_ratio": {
    "min": 0.0,
    "max": 0.9642744719377567
  },
  "npxgxa_90": {
    "min": 0.0,
    "max": 0.9269371484307132
  },
  "obv_90": {
    "min": 0.0,
    "max": 0.590185734071306
  },
  "positive_outcome_score": {
    "min": 0.0,
    "max": 0.5744610608974852
  }
}