{
  "touches_inside_box_90": {
    "median": 5.637483850000001,
    "p80": 6.8011036
  },
  "np_xg_90": {
    "median": 0.27499079,
    "p80": 0.36032939999999997
  },
  "np_xg_per_shot": {
    "median": 0.11473912102835519,
    "p80": 0.14007352086753327
  },
  "finishing_quality": {
    "median": 0.004674430000000007,
    "p80": 0.07863005799999999
  },
  "xa_90": {
    "median": 0.07661362,
    "p80": 0.112967238
  },
  "key_passes_90": {
    "median": 0.881972515,
    "p80": 1.11268182
  },
  "obv_pass_90": {
    "median": -0.030877054,
    "p80": -0.0023721261799999997
  },
  "xa_per_shot_assist": {
    "median": 0.08182713175437745,
    "p80": 0.11516259649075632
  },
  "deep_progressions_90": {
    "median": 1.6380135,
    "p80": 2.3234361
  },
  "passing_ratio": {
    "median": 0.7072336741870908,
    "p80": 0.7476272570547137
  },
  "dribble_ratio": {
    "median": 0.5,
    "p80": 0.59333332
  },
  "obv_dribble_carry_90": {
    "median": -0.0038011360999999997,
    "p80": 0.0447513464
  },
  "defensive_actions_90": {
    "median": 16.4235145,
    "p80": 18.9729934
  },
  "tackles_and_interceptions_90": {
    "median": 0.96167055,
    "p80": 1.4476676
  },
  "aerial_ratio": {
    "median": 0.44074074074074077,
    "p80": 0.49414806110458287
  },
  "npxgxa_90": {
    "median": 0.367606035,
    "p80": 0.44431095800000003
  },
  "obv_90": {
    "median": -0.0007939903000000002,
    "p80": 0.09391639400000001
  },
  "positive_outcome_score": {
    "median": 0.21229975,
    "p80": 0.270280216
  }
}