{
  "touches_inside_box_90": {
    "min": 3.4382298,
    "max": 8.402272
  },
  "np_xg_90": {
    "min": 0.110878624,
    "max": 0.5358733
  },
  "np_xg_per_shot": {
    "min": 0.07049018144607544,
    "max": 0.16861444903958228
  },
  "finishing_quality": {
    "min": -0.15560590000000002,
    "max": 0.15700917999999997
  },
  "xa_90": {
    "min": 0.013102368,
    "max": 0.23518983
  },
  "key_passes_90": {
    "min": 0.36724287,
    "max": 2.255396
  },
  "obv_pass_90": {
    "min": -0.17243482,
    "max": 0.042405095
  },
  "xa_per_shot_assist": {
    "min": 0.02876447238607024,
    "max": 0.20042349881792654
  },
  "deep_progressions_90": {
    "min": 0.43197697,
    "max": 4.619924
  },
  "passing_ratio": {
    "min": 0.5522388059701493,
    "max": 0.8125
  },
  "dribble_ratio": {
    "min": 0.0,
    "max": 0.75
  },
  "obv_dribble_carry_90": {
    "min": -0.15872832,
    "max": 0.1311067
  },
  "defensive_actions_90": {
    "min": 9.621058,
    "max": 28.042984
  },
  "tackles_and_interceptions_90": {
    "min": 0.2795465,
    "max": 2.5274982
  },
  "aerial_ratio": {
    "min": 0.22580645161290322,
    "max": 0.6886792452830188
  },
  "npxgxa_90": {
    "min": 0.15027197,
    "max": 0.6558731
  },
  "obv_90": {
    "min": -0.25600684,
    "max": 0.24043952
  },
  "positive_outcome_score": {
    "min": 0.1075741,
    "max": 0.39474875
  }
}