{
  "touches_inside_box_90": {
    "median": 5.5656114,
    "p80": 6.734484
  },
  "np_xg_90": {
    "median": 0.28678232,
    "p80": 0.3658446
  },
  "np_xg_per_shot": {
    "median": 0.11226608695053472,
    "p80": 0.14868366453382703
  },
  "finishing_quality": {
    "median": -0.0027530360000000004,
    "p80": 0.07534253999999996
  },
  "xa_90": {
    "median": 0.071545765,
    "p80": 0.12167589
  },
  "key_passes_90": {
    "median": 0.7974232,
    "p80": 1.2512608
  },
  "obv_pass_90": {
    "median": -0.029595817,
    "p80": -8.7365515e-05
  },
  "xa_per_shot_assist": {
    "median": 0.09595797296288056,
    "p80": 0.12798490567446932
  },
  "deep_progressions_90": {
    "median": 1.7364142,
    "p80": 2.244845
  },
  "passing_ratio": {
    "median": 0.7162162162162162,
    "p80": 0.7698412698412699
  },
  "dribble_ratio": {
    "median": 0.5,
    "p80": 0.5714286
  },
  "obv_dribble_carry_90": {
    "median": -0.013467788,
    "p80": 0.043931596
  },
  "defensive_actions_90": {
    "median": 17.59556,
    "p80": 21.197828
  },
  "tackles_and_interceptions_90": {
    "median": 0.8666191,
    "p80": 1.3159317
  },
  "aerial_ratio": {
    "median": 0.410958904109589,
    "p80": 0.49230769230769234
  },
  "npxgxa_90": {
    "median": 0.36323312,
    "p80": 0.4546396
  },
  "obv_90": {
    "median": 0.008685598,
    "p80": 0.120169595
  },
  "positive_outcome_score": {
    "median": 0.2282282,
    "p80": 0.27893305
  }
}