{
  "touches_inside_box_90": {
    "min": 2.0948384,
    "max": 8.087459
  },
  "np_xg_90": {
    "min": 0.101059966,
    "max": 0.52229816
  },
  "np_xg_per_shot": {
    "min": 0.0674011924050071,
    "max": 0.2769445272592398
  },
  "finishing_quality": {
    "min": -0.15178995,
    "max": 0.19124077999999997
  },
  "xa_90": {
    "min": 0.015400863,
    "max": 0.20835932
  },
  "key_passes_90": {
    "min": 0.09566666,
    "max": 2.0363443
  },
  "obv_pass_90": {
    "min": -0.13566977,
    "max": 0.083240025
  },
  "xa_per_shot_assist": {
    "min": 0.027988000408074355,
    "max": 0.20873823754273432
  },
  "deep_progressions_90": {
    "min": 0.6740371,
    "max": 4.637025
  },
  "passing_ratio": {
    "min": 0.6013513513513513,
    "max": 0.8290909090909091
  },
  "dribble_ratio": {
    "min": 0.0,
    "max": 0.7777778
  },
  "obv_dribble_carry_90": {
    "min": -0.06957018,
    "max": 0.13440846
  },
  "defensive_actions_90": {
    "min": 11.903763,
    "max": 32.493534
  },
  "tackles_and_interceptions_90": {
    "min": 0.19689883,
    "max": 2.4327507
  },
  "aerial_ratio": {
    "min": 0.05,
    "max": 0.6363636363636364
  },
  "npxgxa_90": {
    "min": 0.18677317,
    "max": 0.58699024
  },
  "obv_90": {
    "min": -0.21881148,
    "max": 0.37675446
  },
  "positive_outcome_score": {
    "min": 0.10526316,
    "max": 0.41101053
  }
}