{
  "PC1": {
    "min": -0.9117369600368024,
    "max": 0.9659700275269092
  },
  "PC2": {
    "min": -0.9694028182658815,
    "max": 0.8950996051925081
  },
  "PC3": {
    "min": -0.7671658259289686,
    "max": 0.9020024673079604
  },
  "PC4": {
    "min": -0.8649340585766524,
    "max": 0.9107213614885384
  },
  "PC5": {
    "min": -0.9133927754339324,
    "max": 0.8328859387614039
  },
  "PC6": {
    "min": -0.8106522378369352,
    "max": 0.7892058745661914
  },
  "PC7": {
    "min": -0.7663462823895386,
    "max": 0.723915207754813
  }
}