{
  "Progressive_Play": 50.179211469534046,
  "Finishing_BoxPresence": 50.179211469534046,
  "Pressing_WorkRate": 50.179211469534046,
  "Finishing_Efficiency": 50.179211469534046,
  "Dribbling_RiskTaking": 50.179211469534046,
  "DecisionMaking_Balance": 50.179211469534046
}