{
  "normalization_mode": "zscore",
  "parameters": {
    "player_season_passing_ratio": {
      "mean": 0.8124546858199992,
      "std": 0.060321554936652345
    },
    "player_season_pass_length": {
      "mean": 20.424754232363366,
      "std": 1.9832451341077466
    },
    "player_season_pass_length_ratio": {
      "mean": 0.9405776445059459,
      "std": 0.033144839410810846
    },
    "player_season_long_ball_ratio": {
      "mean": 0.5832782614932924,
      "std": 0.12168164121986495
    },
    "player_season_long_balls_90": {
      "mean": 3.0734257506162166,
      "std": 1.286752848903573
    },
    "player_season_deep_progressions_90": {
      "mean": 4.623262101189189,
      "std": 1.5942982652133237
    },
    "player_season_op_passes_90": {
      "mean": 38.37149894464864,
      "std": 9.08090321282488
    },
    "player_season_op_passes_into_box_90": {
      "mean": 0.6784269854648649,
      "std": 0.4213790278598844
    },
    "player_season_passes_into_box_90": {
      "mean": 0.9424180551945947,
      "std": 0.6238159982071477
    },
    "player_season_xgbuildup_90": {
      "mean": 0.40961240823783784,
      "std": 0.1334942020083789
    },
    "player_season_xgchain_90": {
      "mean": 0.4789151996908108,
      "std": 0.1584920086840949
    },
    "player_season_lbp_90": {
      "mean": 7.3226683798918915,
      "std": 2.123682017345581
    },
    "player_season_lbp_completed_90": {
      "mean": 4.360580853643243,
      "std": 1.6356365045178227
    },
    "player_season_lbp_ratio": {
      "mean": 0.5886874831675676,
      "std": 0.09735882667249506
    },
    "player_season_fhalf_lbp_90": {
      "mean": 3.558353351723243,
      "std": 1.422137229601277
    },
    "player_season_f3_lbp_90": {
      "mean": 1.6994691392021624,
      "std": 0.9036443101224843
    },
    "player_season_obv_lbp_90": {
      "mean": 0.04380951541154595,
      "std": 0.0228779239286127
    },
    "player_season_forward_pass_proportion": {
      "mean": 0.2257460709933983,
      "std": 0.06744403460541117
    },
    "player_season_sideways_pass_proportion": {
      "mean": 0.6711618217738383,
      "std": 0.06298474199392133
    },
    "player_season_backward_pass_proportion": {
      "mean": 0.10290128013039189,
      "std": 0.03578357477408013
    },
    "player_season_pressured_passing_ratio": {
      "mean": 0.730779792013571,
      "std": 0.0874599273296584
    },
    "player_season_passes_pressed_ratio": {
      "mean": 0.14018455630763288,
      "std": 0.03711135742394395
    },
    "player_season_change_in_passing_ratio": {
      "mean": -0.08185082493621622,
      "std": 0.06395331680814631
    },
    "player_season_p_pass_length": {
      "mean": 18.017944552447346,
      "std": 2.3769435418025426
    },
    "player_season_pressured_change_in_pass_length": {
      "mean": -2.3998494274486486,
      "std": 1.740166283475198
    },
    "player_season_obv_pass_90": {
      "mean": 0.07967164827216217,
      "std": 0.06114257201596908
    },
    "player_season_xa_90": {
      "mean": 0.06758728398681081,
      "std": 0.04953891379858521
    },
    "player_season_op_xa_90": {
      "mean": 0.057813790426810806,
      "std": 0.04072356633782095
    },
    "player_season_sp_xa_90": {
      "mean": 0.009605452371999999,
      "std": 0.017584471989252694
    },
    "player_season_carries_90": {
      "mean": 33.94146547913513,
      "std": 8.077728974582392
    },
    "player_season_carry_length": {
      "mean": 4.69781818441081,
      "std": 0.9261287567701812
    },
    "player_season_carry_ratio": {
      "mean": 0.9327552040064864,
      "std": 0.035377274263238306
    },
    "player_season_dribbles_90": {
      "mean": 0.584488351227027,
      "std": 0.43093356789327003
    },
    "player_season_dribble_ratio": {
      "mean": 0.5437375414594594,
      "std": 0.1751378585773281
    },
    "player_season_failed_dribbles_90": {
      "mean": 0.5052854583783783,
      "std": 0.3872332467801605
    },
    "player_season_turnovers_90": {
      "mean": 1.5387143883027026,
      "std": 0.8573290844034896
    },
    "player_season_dispossessions_90": {
      "mean": 0.9123294385254053,
      "std": 0.558060839465292
    },
    "player_season_obv_dribble_carry_90": {
      "mean": 0.06423391123122162,
      "std": 0.030367652035461018
    },
    "player_season_positive_outcome_score": {
      "mean": 0.31674920702270265,
      "std": 0.07989607579730018
    },
    "player_season_positive_outcome_90": {
      "mean": 4.644849407545946,
      "std": 1.3588704372732243
    },
    "player_season_key_passes_90": {
      "mean": 0.8485461087027025,
      "std": 0.516436612708292
    },
    "player_season_op_key_passes_90": {
      "mean": 0.7109585409837837,
      "std": 0.3837157237649378
    },
    "player_season_sp_key_passes_90": {
      "mean": 0.1357599508756757,
      "std": 0.2237475113854841
    },
    "player_season_shots_key_passes_90": {
      "mean": 1.7473615039027024,
      "std": 1.0465942567552544
    },
    "player_season_np_xg_90": {
      "mean": 0.05970440239729729,
      "std": 0.05066228744145809
    },
    "player_season_np_xg_per_shot": {
      "mean": 0.06750546356048928,
      "std": 0.04698704587984273
    },
    "player_season_npg_90": {
      "mean": 0.06401068921945946,
      "std": 0.08151491928629265
    },
    "player_season_conversion_ratio": {
      "mean": 0.06913426564525328,
      "std": 0.0920509205720565
    },
    "player_season_touches_inside_box_90": {
      "mean": 1.3040545068540539,
      "std": 0.9515888357609555
    },
    "player_season_crosses_90": {
      "mean": 0.3762377442594595,
      "std": 0.3252148598175743
    },
    "player_season_crossing_ratio": {
      "mean": 0.3267506412617245,
      "std": 0.18783177558250733
    },
    "player_season_box_cross_ratio": {
      "mean": 0.2749663507817132,
      "std": 0.19384910438366354
    },
    "player_season_sp_passes_into_box_90": {
      "mean": 0.2622069540702703,
      "std": 0.31393812478995625
    },
    "player_season_obv_shot_90": {
      "mean": -0.01012383774972973,
      "std": 0.02655520718622483
    },
    "player_season_obv_90": {
      "mean": 0.16947133113621624,
      "std": 0.07784857990625563
    },
    "player_season_over_under_performance_90": {
      "mean": 0.00979730926508108,
      "std": 0.08533335762946967
    },
    "player_season_tackles_90": {
      "mean": 1.9939555386875674,
      "std": 0.6541721704803384
    },
    "player_season_interceptions_90": {
      "mean": 1.1824039260778378,
      "std": 0.47195568550352557
    },
    "player_season_aggressive_actions_90": {
      "mean": 9.124708666897297,
      "std": 2.86459493272515
    },
    "player_season_pressures_90": {
      "mean": 14.618871587286487,
      "std": 3.991953574245529
    },
    "player_season_padj_pressures_90": {
      "mean": 13.864298310702706,
      "std": 4.459946468738716
    },
    "player_season_pressure_regains_90": {
      "mean": 2.847917983308108,
      "std": 0.7377893210329276
    },
    "player_season_fhalf_pressures_90": {
      "mean": 5.384162167135135,
      "std": 2.423749508167321
    },
    "player_season_fhalf_pressures_ratio": {
      "mean": 0.356913453107027,
      "std": 0.10033126000002247
    },
    "player_season_ball_recoveries_90": {
      "mean": 8.100031805210811,
      "std": 1.743826217424304
    },
    "player_season_fhalf_ball_recoveries_90": {
      "mean": 3.320754416064865,
      "std": 1.1957706598232603
    },
    "player_season_challenge_ratio": {
      "mean": 0.6858107940488023,
      "std": 0.08984359160451601
    },
    "player_season_dribble_faced_ratio": {
      "mean": 0.49307753288000006,
      "std": 0.13911365045142796
    },
    "player_season_dribbled_past_90": {
      "mean": 0.9084201346443244,
      "std": 0.34475166579012084
    },
    "player_season_average_x_defensive_action": {
      "mean": 38.9635504265946,
      "std": 6.447750063985397
    },