{
  "player_season_passing_ratio": {
    "lower": 0.663682870650988,
    "upper": 0.9208406639334474
  },
  "player_season_pass_length": {
    "lower": 16.52995118890277,
    "upper": 25.729506406875807
  },
  "player_season_pass_length_ratio": {
    "lower": 0.8558781688,
    "upper": 1.0044507679999999
  },
  "player_season_long_ball_ratio": {
    "lower": 0.3597324414715719,
    "upper": 0.861919542577088
  },
  "player_season_long_balls_90": {
    "lower": 1.0471993240000002,
    "upper": 6.384914807999998
  },
  "player_season_deep_progressions_90": {
    "lower": 1.829927,
    "upper": 9.05251216
  },
  "player_season_op_passes_90": {
    "lower": 21.54433084,
    "upper": 63.74942503999999
  },
  "player_season_op_passes_into_box_90": {
    "lower": 0.0,
    "upper": 1.7418812719999996
  },
  "player_season_passes_into_box_90": {
    "lower": 0.0,
    "upper": 2.637920792
  },
  "player_season_xgbuildup_90": {
    "lower": 0.167337302,
    "upper": 0.7736161
  },
  "player_season_xgchain_90": {
    "lower": 0.17879490080000002,
    "upper": 0.8922323855999998
  },
  "player_season_lbp_90": {
    "lower": 3.1018751,
    "upper": 12.790224639999998
  },
  "player_season_lbp_completed_90": {
    "lower": 1.556703312,
    "upper": 8.927629
  },
  "player_season_lbp_ratio": {
    "lower": 0.35663149200000005,
    "upper": 0.7950622759999999
  },
  "player_season_fhalf_lbp_90": {
    "lower": 0.9062845744,
    "upper": 7.08556736
  },
  "player_season_f3_lbp_90": {
    "lower": 0.2759860532,
    "upper": 3.7406545079999995
  },
  "player_season_obv_lbp_90": {
    "lower": 0.002058177168,
    "upper": 0.106345064
  },
  "player_season_forward_pass_proportion": {
    "lower": 0.1174859287054409,
    "upper": 0.40815116795795736
  },
  "player_season_sideways_pass_proportion": {
    "lower": 0.5202515252676413,
    "upper": 0.7772819628138776
  },
  "player_season_backward_pass_proportion": {
    "lower": 0.022081608844198772,
    "upper": 0.19803290358301034
  },
  "player_season_pressured_passing_ratio": {
    "lower": 0.5164300202839757,
    "upper": 0.9029852008456659
  },
  "player_season_passes_pressed_ratio": {
    "lower": 0.07935209181784525,
    "upper": 0.2451723595745885
  },
  "player_season_change_in_passing_ratio": {
    "lower": -0.2373392124,
    "upper": 0.043555901599999954
  },
  "player_season_p_pass_length": {
    "lower": 13.25943790435791,
    "upper": 25.077297821044922
  },
  "player_season_pressured_change_in_pass_length": {
    "lower": -6.096511572,
    "upper": 1.930426819999999
  },
  "player_season_obv_pass_90": {
    "lower": -0.0447126336,
    "upper": 0.22029691239999996
  },
  "player_season_xa_90": {
    "lower": 0.0,
    "upper": 0.18574153759999998
  },
  "player_season_op_xa_90": {
    "lower": 0.0,
    "upper": 0.1743962744
  },
  "player_season_sp_xa_90": {
    "lower": 0.0,
    "upper": 0.07905673199999998
  },
  "player_season_carries_90": {
    "lower": 16.3024162,
    "upper": 54.933124119999995
  },
  "player_season_carry_length": {
    "lower": 3.003092976,
    "upper": 7.139250231999999
  },
  "player_season_carry_ratio": {
    "lower": 0.829373338,
    "upper": 0.9899016176000001
  },
  "player_season_dribbles_90": {
    "lower": 0.0,
    "upper": 2.130299476
  },
  "player_season_dribble_ratio": {
    "lower": 0.0,
    "upper": 1.0
  },
  "player_season_failed_dribbles_90": {
    "lower": 0.0,
    "upper": 1.7901931239999993
  },
  "player_season_turnovers_90": {
    "lower": 0.205325224,
    "upper": 3.947518743999999
  },
  "player_season_dispossessions_90": {
    "lower": 0.12672834759999999,
    "upper": 3.030318055999999
  },
  "player_season_obv_dribble_carry_90": {
    "lower": 0.008110474288,
    "upper": 0.15803605359999998
  },
  "player_season_positive_outcome_score": {
    "lower": 0.16022504359999998,
    "upper": 0.519778396
  },
  "player_season_positive_outcome_90": {
    "lower": 1.873400648,
    "upper": 7.937270999999998
  },
  "player_season_key_passes_90": {
    "lower": 0.0,
    "upper": 2.211431968
  },
  "player_season_op_key_passes_90": {
    "lower": 0.0,
    "upper": 1.717916524
  },
  "player_season_sp_key_passes_90": {
    "lower": 0.0,
    "upper": 0.9519038119999997
  },
  "player_season_shots_key_passes_90": {
    "lower": 0.22519095000000003,
    "upper": 5.518427355999998
  },
  "player_season_np_xg_90": {
    "lower": 0.0,
    "upper": 0.24249782479999957
  },
  "player_season_np_xg_per_shot": {
    "lower": 0.019885722645803502,
    "upper": 0.3396229302883148
  },
  "player_season_npg_90": {
    "lower": 0.0,
    "upper": 0.35762492079999997
  },
  "player_season_conversion_ratio": {
    "lower": 0.0,
    "upper": 0.5
  },
  "player_season_touches_inside_box_90": {
    "lower": 0.0,
    "upper": 4.23593
  },
  "player_season_crosses_90": {
    "lower": 0.0,
    "upper": 1.290288232
  },
  "player_season_crossing_ratio": {
    "lower": 0.0,
    "upper": 1.0
  },
  "player_season_box_cross_ratio": {
    "lower": 0.0,
    "upper": 0.8061538461538454
  },
  "player_season_sp_passes_into_box_90": {
    "lower": 0.0,
    "upper": 1.2452707079999992
  },
  "player_season_obv_shot_90": {
    "lower": -0.06680117799999999,
    "upper": 0.06626524339999995
  },
  "player_season_obv_90": {
    "lower": -0.019765522199999996,
    "upper": 0.3607550227999999
  },
  "player_season_over_under_performance_90": {
    "lower": -0.1481868436,
    "upper": 0.29797677799999983
  },
  "player_season_tackles_90": {
    "lower": 0.7618215636,
    "upper": 3.901089479999999
  },
  "player_season_interceptions_90": {
    "lower": 0.2741033012,
    "upper": 2.2149735559999995
  },
  "player_season_aggressive_actions_90": {
    "lower": 4.190993328,
    "upper": 16.55358876
  },
  "player_season_pressures_90": {
    "lower": 7.212926504,
    "upper": 23.83838732
  },
  "player_season_padj_pressures_90": {
    "lower": 5.3957116,
    "upper": 24.544349439999998
  },
  "player_season_pressure_regains_90": {
    "lower": 1.4028721960000001,
    "upper": 4.9434188599999995
  },
  "player_season_fhalf_pressures_90": {
    "lower": 1.10467398,
    "upper": 12.14880888
  },
  "player_season_fhalf_pressures_ratio": {
    "lower": 0.13662745880000002,
    "upper": 0.6136464235999999
  },
  "player_season_ball_recoveries_90": {
    "lower": 4.9472445920000006,
    "upper": 13.455477439999997
  },
  "player_season_fhalf_ball_recoveries_90": {
    "lower": 1.237146976,
    "upper": 6.7971439600000005
  },
  "player_season_challenge_ratio": {
    "lower": 0.45094736842105265,
    "upper": 0.882890756302521
  },
  "player_season_dribble_faced_ratio": {
    "lower": 0.1970909104,
    "upper": 0.8422221959999998
  },
  "player_season_dribbled_past_90": {
    "lower": 0.2121933696,
    "upper": 1.7912904799999998
  },
  "player_season_average_x_defensive_action": {
    "lower": 25.303370559999998,
    "upper": 54.4330754
  },
  "player_season_average_x_pressure": {
    "lower": 29.50732524,
    "upper": 55.659167599999996
  },
  "player_season_aerial_ratio": {
    "lower": 0.14153846153846156,
    "upper": 0.7273846153846153
  },
  "player_season_aerial_wins_90": {
    "lower": 0.1698380384,
    "upper": 2.9813478719999997
  },
  "player_season_fouls_90": {
    "lower": 0.2031703788,
    "upper": 2.765697351999999
  },
  "player_season_fouls_won_90": {
    "lower": 0.1600852048,
    "upper": 2.39542372
  },
  "player_season_yellow_cards_90": {
    "lower": 0.0,
    "upper": 0.5754779332
  },
  "player_season_second_yellow_cards_90": {
    "lower": 0.0,
    "upper": 0.0955854825999999
  },
  "player_season_red_cards_90": {
    "lower": 0.0,
    "upper": 0.12657738439999996
  },
  "player_season_average_space_received_in": {
    "lower": 5.151836104,
    "upper": 12.69639084
  },
  "player_season_fhalf_ball_receipts_in_space_2_ratio": {
    "lower": 0.814723664,
    "upper": 0.988586548
  },
  "player_season_f3_ball_receipts_in_space_2_ratio": {
    "lower": 0.682865856,
    "upper": 1.0
  },