{
  "touches_inside_box_90": {
    "median": 5.543143000000001,
    "p80": 6.542945000000001
  },
  "np_xg_90": {
    "median": 0.27869813499999996,
    "p80": 0.368086634
  },
  "np_xg_per_shot": {
    "median": 0.11254512431129576,
    "p80": 0.15711057217497576
  },
  "finishing_quality": {
    "median": -0.042072899999999996,
    "p80": 0.010370522000000063
  },
  "xa_90": {
    "median": 0.07964270500000001,
    "p80": 0.10347543800000002
  },
  "key_passes_90": {
    "median": 0.79767928,
    "p80": 1.01482016
  },
  "obv_pass_90": {
    "median": -0.018304479999999998,
    "p80": 0.010334078200000024
  },
  "xa_per_shot_assist": {
    "median": 0.09399056198883256,
    "p80": 0.12942061058000712
  },
  "deep_progressions_90": {
    "median": 1.6419804,
    "p80": 2.278510960000001
  },
  "passing_ratio": {
    "median": 0.7009086607549683,
    "p80": 0.7424631152892023
  },
  "dribble_ratio": {
    "median": 0.55320155,
    "p80": 0.6266575200000001
  },
  "obv_dribble_carry_90": {
    "median": 0.0049609335000000004,
    "p80": 0.043832351200000105
  },
  "defensive_actions_90": {
    "median": 15.0627695,
    "p80": 17.6454072
  },
  "tackles_and_interceptions_90": {
    "median": 1.0564421,
    "p80": 1.46136404
  },
  "aerial_ratio": {
    "median": 0.42715700141442714,
    "p80": 0.4901937150236763
  },
  "npxgxa_90": {
    "median": 0.33707904499999997,
    "p80": 0.45187898
  },
  "obv_90": {
    "median": -0.004597011,
    "p80": 0.06981338800000002
  },
  "positive_outcome_score": {
    "median": 0.22731785,
    "p80": 0.276876384
  }
}