{
  "touches_inside_box_90": {
    "min": 1.7638892,
    "max": 8.704564
  },
  "np_xg_90": {
    "min": 0.061251286,
    "max": 0.45953164
  },
  "np_xg_per_shot": {
    "min": 0.0600127893335679,
    "max": 0.20826513117009943
  },
  "finishing_quality": {
    "min": -0.20379973,
    "max": 0.10066143599999999
  },
  "xa_90": {
    "min": 0.020690791,
    "max": 0.18621577
  },
  "key_passes_90": {
    "min": 0.27874565,
    "max": 1.3846633
  },
  "obv_pass_90": {
    "min": -0.1327792,
    "max": 0.07012046
  },
  "xa_per_shot_assist": {
    "min": 0.031759367359098435,
    "max": 0.25187981178028684
  },
  "deep_progressions_90": {
    "min": 0.6174133,
    "max": 4.267307
  },
  "passing_ratio": {
    "min": 0.5801526717557252,
    "max": 0.8113948919449901
  },
  "dribble_ratio": {
    "min": 0.071428575,
    "max": 1.0
  },
  "obv_dribble_carry_90": {
    "min": -0.14397539,
    "max": 0.16938804
  },
  "defensive_actions_90": {
    "min": 9.582671,
    "max": 25.457237
  },
  "tackles_and_interceptions_90": {
    "min": 0.36929703,
    "max": 3.2337968
  },
  "aerial_ratio": {
    "min": 0.17647058823529413,
    "max": 0.6086956521739131
  },
  "npxgxa_90": {
    "min": 0.16214538,
    "max": 0.6457475
  },
  "obv_90": {
    "min": -0.3020721,
    "max": 0.22269887
  },
  "positive_outcome_score": {
    "min": 0.10768261,
    "max": 0.4655381
  }
}