{
  "PC1": {
    "min": -8.038335095587769,
    "max": 11.675665635027997,
    "mean": 1.4116743094571527e-16,
    "std": 3.8822899676907285
  },
  "PC2": {
    "min": -6.868154352551763,
    "max": 7.863355376594706,
    "mean": 7.646569176226243e-17,
    "std": 3.2740680201560703
  },
  "PC3": {
    "min": -10.361320495934129,
    "max": 9.92105061012421,
    "mean": 2.352790515761921e-17,
    "std": 2.975342799974279
  },
  "PC4": {
    "min": -5.382999850480601,
    "max": 5.881502325602111,
    "mean": 9.411162063047685e-17,
    "std": 1.888672973523988
  },
  "PC5": {
    "min": -4.758003998033138,
    "max": 6.258664453811002,
    "mean": 0.0,
    "std": 1.8210497579458667
  },
  "PC6": {
    "min": -5.479568877682858,
    "max": 6.222483710476934,
    "mean": -2.6468893302321612e-17,
    "std": 1.7238168377657153
  },
  "PC7": {
    "min": -5.660185626229231,
    "max": 5.2493022875382325,
    "mean": -4.705581031523842e-17,
    "std": 1.491012935813479
  }
}