{
  "raw_score_averages": {
    "PC1": 1.4116743094571527e-16,
    "PC2": 7.646569176226243e-17,
    "PC3": 2.352790515761921e-17,
    "PC4": 9.411162063047685e-17,
    "PC5": 0.0,
    "PC6": -2.6468893302321612e-17,
    "PC7": -4.705581031523842e-17
  },
  "metadata": {
    "cohort": "Deep Progression Unit (Full-backs + Midfielders)",
    "n_players": 604,
    "seasons": [
      108,
      235,
      281,
      317
    ]
  }
}