{
  "player_season_passing_ratio": {
    "lower": 0.6659492663008805,
    "upper": 0.914848124300112
  },
  "player_season_pass_length": {
    "lower": 16.56431766028598,
    "upper": 24.670669080322078
  },
  "player_season_pass_length_ratio": {
    "lower": 0.8590802900000001,
    "upper": 1.001024575
  },
  "player_season_long_ball_ratio": {
    "lower": 0.3244769475357711,
    "upper": 0.8477038043478262
  },
  "player_season_long_balls_90": {
    "lower": 0.8525122580000001,
    "upper": 7.183049198
  },
  "player_season_deep_progressions_90": {
    "lower": 1.881639705,
    "upper": 9.041253090000003
  },
  "player_season_op_passes_90": {
    "lower": 20.4448732,
    "upper": 59.61550913
  },
  "player_season_op_passes_into_box_90": {
    "lower": 0.0,
    "upper": 1.7013378240000003
  },
  "player_season_passes_into_box_90": {
    "lower": 0.0,
    "upper": 2.629687632
  },
  "player_season_xgbuildup_90": {
    "lower": 0.15543820690000001,
    "upper": 0.7568298105000002
  },
  "player_season_xgchain_90": {
    "lower": 0.1790372076,
    "upper": 0.8500453828000002
  },
  "player_season_lbp_90": {
    "lower": 3.08841821,
    "upper": 12.702542140000006
  },
  "player_season_lbp_completed_90": {
    "lower": 1.376730634,
    "upper": 8.865190110000004
  },
  "player_season_lbp_ratio": {
    "lower": 0.3518997426,
    "upper": 0.7836849200000001
  },
  "player_season_fhalf_lbp_90": {
    "lower": 1.37269216,
    "upper": 7.0456338100000035
  },
  "player_season_f3_lbp_90": {
    "lower": 0.17204089680000004,
    "upper": 4.2459716520000015
  },
  "player_season_obv_lbp_90": {
    "lower": 0.002498615102,
    "upper": 0.11276930278
  },
  "player_season_forward_pass_proportion": {
    "lower": 0.12580232558139534,
    "upper": 0.4012293920152338
  },
  "player_season_sideways_pass_proportion": {
    "lower": 0.5219300236218383,
    "upper": 0.7756866597182723
  },
  "player_season_backward_pass_proportion": {
    "lower": 0.047845469733967354,
    "upper": 0.1956880733944956
  },
  "player_season_pressured_passing_ratio": {
    "lower": 0.5102523781789944,
    "upper": 0.899090167278662
  },
  "player_season_passes_pressed_ratio": {
    "lower": 0.07845681818181818,
    "upper": 0.26091429902189117
  },
  "player_season_change_in_passing_ratio": {
    "lower": -0.2375941703,
    "upper": 0.05590859799
  },
  "player_season_p_pass_length": {
    "lower": 13.495281896591187,
    "upper": 23.437477378845216
  },
  "player_season_pressured_change_in_pass_length": {
    "lower": -6.121637969,
    "upper": 2.5890835910000014
  },
  "player_season_obv_pass_90": {
    "lower": -0.03185047059,
    "upper": 0.2243321258000001
  },
  "player_season_xa_90": {
    "lower": 0.0006165868520000003,
    "upper": 0.21668742390000034
  },
  "player_season_op_xa_90": {
    "lower": 1.715116200000014e-05,
    "upper": 0.18401497770000025
  },
  "player_season_sp_xa_90": {
    "lower": 0.0,
    "upper": 0.08134333770000003
  },
  "player_season_carries_90": {
    "lower": 17.94630244,
    "upper": 53.51583824000001
  },
  "player_season_carry_length": {
    "lower": 2.94773297,
    "upper": 7.12977489
  },
  "player_season_carry_ratio": {
    "lower": 0.8007250265,
    "upper": 0.9812919760000001
  },
  "player_season_dribbles_90": {
    "lower": 0.0,
    "upper": 2.1687570540000034
  },
  "player_season_dribble_ratio": {
    "lower": 0.16666667,
    "upper": 1.0
  },
  "player_season_failed_dribbles_90": {
    "lower": 0.0,
    "upper": 1.8172807750000017
  },
  "player_season_turnovers_90": {
    "lower": 0.3427467622,
    "upper": 3.912320866
  },
  "player_season_dispossessions_90": {
    "lower": 0.1591611984,
    "upper": 2.3686580860000004
  },
  "player_season_obv_dribble_carry_90": {
    "lower": 0.003951006219,
    "upper": 0.15687438780000004
  },
  "player_season_positive_outcome_score": {
    "lower": 0.16423214,
    "upper": 0.5215942718000001
  },
  "player_season_positive_outcome_90": {
    "lower": 1.7859176570000002,
    "upper": 8.158556150000004
  },
  "player_season_key_passes_90": {
    "lower": 0.06691065400000001,
    "upper": 2.208399116000001
  },
  "player_season_op_key_passes_90": {
    "lower": 0.0016103859000000135,
    "upper": 1.7166032910000002
  },
  "player_season_sp_key_passes_90": {
    "lower": 0.0,
    "upper": 1.0236943310000004
  },
  "player_season_shots_key_passes_90": {
    "lower": 0.2820269883,
    "upper": 4.097966397
  },
  "player_season_np_xg_90": {
    "lower": 2.769913050000023e-05,
    "upper": 0.19363640240000007
  },
  "player_season_np_xg_per_shot": {
    "lower": 0.014224910438060762,
    "upper": 0.18682758184415985
  },
  "player_season_npg_90": {
    "lower": 0.0,
    "upper": 0.3163632414000007
  },
  "player_season_conversion_ratio": {
    "lower": 0.0,
    "upper": 0.39800000000000185
  },
  "player_season_touches_inside_box_90": {
    "lower": 0.0,
    "upper": 4.085748622000005
  },
  "player_season_crosses_90": {
    "lower": 0.0,
    "upper": 1.2887015020000006
  },
  "player_season_crossing_ratio": {
    "lower": 0.0,
    "upper": 1.0
  },
  "player_season_box_cross_ratio": {
    "lower": 0.0,
    "upper": 0.8879365079365088
  },
  "player_season_sp_passes_into_box_90": {
    "lower": 0.0,
    "upper": 1.5619102750000018
  },
  "player_season_obv_shot_90": {
    "lower": -0.0739847839,
    "upper": 0.08607413890000025
  },
  "player_season_obv_90": {
    "lower": -0.025770959399999998,
    "upper": 0.33476304500000026
  },
  "player_season_over_under_performance_90": {
    "lower": -0.17066548569999998,
    "upper": 0.2647667945000001
  },
  "player_season_tackles_90": {
    "lower": 0.8619685982,
    "upper": 4.094637873000004
  },
  "player_season_interceptions_90": {
    "lower": 0.37794428240000005,
    "upper": 3.1985841700000006
  },
  "player_season_aggressive_actions_90": {
    "lower": 3.868680277,
    "upper": 17.234528960000002
  },
  "player_season_pressures_90": {
    "lower": 7.691237929,
    "upper": 25.378192210000016
  },
  "player_season_padj_pressures_90": {
    "lower": 5.9993506100000005,
    "upper": 25.41510301000001
  },
  "player_season_pressure_regains_90": {
    "lower": 1.426552656,
    "upper": 5.135630171000001
  },
  "player_season_fhalf_pressures_90": {
    "lower": 1.922821076,
    "upper": 11.96863165000001
  },
  "player_season_fhalf_pressures_ratio": {
    "lower": 0.20284281740000001,
    "upper": 0.5875791442000002
  },
  "player_season_ball_recoveries_90": {
    "lower": 4.741009206,
    "upper": 12.666117490000003
  },
  "player_season_fhalf_ball_recoveries_90": {
    "lower": 1.4048472029999999,
    "upper": 6.115260983000002
  },
  "player_season_challenge_ratio": {
    "lower": 0.4400352941176471,
    "upper": 0.8571428571428571
  },
  "player_season_dribble_faced_ratio": {
    "lower": 0.1821700957,
    "upper": 0.75
  },
  "player_season_dribbled_past_90": {
    "lower": 0.266358208,
    "upper": 2.0312356460000007
  },
  "player_season_average_x_defensive_action": {
    "lower": 29.416824419999998,
    "upper": 52.82169882000001
  },
  "player_season_average_x_pressure": {
    "lower": 33.445022140000006,
    "upper": 54.91898751000002
  },
  "player_season_aerial_ratio": {
    "lower": 0.1581578947368421,
    "upper": 0.7498943661971832
  },
  "player_season_aerial_wins_90": {
    "lower": 0.168559823,
    "upper": 3.074305455
  },
  "player_season_fouls_90": {
    "lower": 0.2174903927,
    "upper": 2.8631340180000038
  },
  "player_season_fouls_won_90": {
    "lower": 0.132559928,
    "upper": 2.8408108380000003
  },
  "player_season_yellow_cards_90": {
    "lower": 0.0,
    "upper": 0.5500208393000003
  },
  "player_season_second_yellow_cards_90": {
    "lower": 0.0,
    "upper": 0.09073942883000007
  },
  "player_season_red_cards_90": {
    "lower": 0.0,
    "upper": 0.12035937660000014
  },
  "player_season_average_space_received_in": {
    "lower": 4.853786929,
    "upper": 10.252157680000002
  },