cluster,count,percentage
0,178,29.47019867549669
1,243,40.2317880794702
2,183,30.29801324503311
