{
  "touches_inside_box_90": {
    "min": 2.6380944,
    "max": 7.9076114
  },
  "np_xg_90": {
    "min": 0.102667294,
    "max": 0.5179732
  },
  "np_xg_per_shot": {
    "min": 0.07458883126576742,
    "max": 0.22488094145251858
  },
  "finishing_quality": {
    "min": -0.22672866000000003,
    "max": 0.19752936000000004
  },
  "xa_90": {
    "min": 0.015240637,
    "max": 0.18842322
  },
  "key_passes_90": {
    "min": 0.12970637,
    "max": 1.6957293
  },
  "obv_pass_90": {
    "min": -0.11618486,
    "max": 0.049361777
  },
  "xa_per_shot_assist": {
    "min": 0.03245423337186716,
    "max": 0.29416807356921026
  },
  "deep_progressions_90": {
    "min": 0.4213894,
    "max": 3.9571416
  },
  "passing_ratio": {
    "min": 0.5959595959595959,
    "max": 0.8244274809160306
  },
  "dribble_ratio": {
    "min": 0.25,
    "max": 0.7
  },
  "obv_dribble_carry_90": {
    "min": -0.10866441,
    "max": 0.11430803
  },
  "defensive_actions_90": {
    "min": 12.295453,
    "max": 32.218857
  },
  "tackles_and_interceptions_90": {
    "min": 0.12389583,
    "max": 2.5781379
  },
  "aerial_ratio": {
    "min": 0.1111111111111111,
    "max": 0.5487804878048781
  },
  "npxgxa_90": {
    "min": 0.12323786,
    "max": 0.65903944
  },
  "obv_90": {
    "min": -0.2800965,
    "max": 0.22006081
  },
  "positive_outcome_score": {
    "min": 0.11040675,
    "max": 0.41976392
  }
}