{
  "touches_inside_box_90": {
    "median": 5.7080507,
    "p80": 6.667104340000001
  },
  "np_xg_90": {
    "median": 0.2847747,
    "p80": 0.39227667600000005
  },
  "np_xg_per_shot": {
    "median": 0.13038457764519584,
    "p80": 0.15673789366697655
  },
  "finishing_quality": {
    "median": -0.00266886999999999,
    "p80": 0.047627538000000004
  },
  "xa_90": {
    "median": 0.07035922,
    "p80": 0.10901607
  },
  "key_passes_90": {
    "median": 0.71656054,
    "p80": 0.9423136400000003
  },
  "obv_pass_90": {
    "median": -0.025074393,
    "p80": -0.008515422199999997
  },
  "xa_per_shot_assist": {
    "median": 0.08973949528138223,
    "p80": 0.13168748229024116
  },
  "deep_progressions_90": {
    "median": 1.4946487,
    "p80": 2.1419106200000004
  },
  "passing_ratio": {
    "median": 0.7307086614173228,
    "p80": 0.7663047478836953
  },
  "dribble_ratio": {
    "median": 0.4375,
    "p80": 0.56964288
  },
  "obv_dribble_carry_90": {
    "median": 0.0072488952,
    "p80": 0.040771495600000034
  },
  "defensive_actions_90": {
    "median": 19.271605,
    "p80": 23.802432
  },
  "tackles_and_interceptions_90": {
    "median": 0.84895444,
    "p80": 1.4355250000000002
  },
  "aerial_ratio": {
    "median": 0.4024390243902439,
    "p80": 0.5
  },
  "npxgxa_90": {
    "median": 0.36871892,
    "p80": 0.46783489400000006
  },
  "obv_90": {
    "median": -0.011150522,
    "p80": 0.095263334
  },
  "positive_outcome_score": {
    "median": 0.20947444,
    "p80": 0.24528763000000003
  }
}